n,r,m
"(:临床常见问题 {name: ""意识障碍（disorder of consciousness, DOC）""})",[:有症状],"(:症状 {name: ""嗜睡（somnolence）""})"
"(:临床常见问题 {name: ""意识障碍（disorder of consciousness, DOC）""})",[:有症状],"(:症状 {name: ""昏睡（stupor）""})"
"(:临床常见问题 {name: ""意识障碍（disorder of consciousness, DOC）""})",[:有症状],"(:症状 {name: ""昏迷（coma），""})"
"(:临床常见问题 {name: ""意识障碍（disorder of consciousness, DOC）""})",[:有症状],"(:症状 {name: ""谵妄状态（delirium）""})"
"(:临床常见问题 {name: ""意识障碍（disorder of consciousness, DOC）""})",[:有症状],"(:症状 {name: ""植物状态/无反应觉醒综合征（vegetative state/ unresponsive wakefulness syndrome，VS/UWS）""})"
"(:临床常见问题 {name: ""意识障碍（disorder of consciousness, DOC）""})",[:有症状],"(:症状 {name: ""微小意识状态（minimally conscious state，MCS）""})"
"(:临床常见问题 {name: ""谵妄""})",[:有症状],"(:症状 {name: ""躁动不安""})"
"(:临床常见问题 {name: ""谵妄""})",[:有症状],"(:症状 {name: ""幻觉""})"
"(:临床常见问题 {name: ""谵妄""})",[:有症状],"(:症状 {name: ""精神行为异常""})"
"(:临床常见问题 {name: ""谵妄""})",[:有症状],"(:症状 {name: ""精神状态差""})"
"(:临床常见问题 {name: ""谵妄""})",[:有症状],"(:症状 {name: ""注意力下降""})"
"(:临床常见问题 {name: ""恐惧""})",[:有症状],"(:症状 {name: ""易激惹""})"
"(:临床常见问题 {name: ""恐惧""})",[:有症状],"(:症状 {name: ""攻击性增强""})"
"(:临床常见问题 {name: ""恐惧""})",[:有症状],"(:症状 {name: ""自我控制力下 降""})"
"(:临床常见问题 {name: ""恐惧""})",[:有症状],"(:症状 {name: ""对死亡恐惧""})"
"(:临床常见问题 {name: ""恐惧""})",[:有症状],"(:症状 {name: ""具有反社会人格""})"
"(:临床常见问题 {name: ""尿崩症""})",[:有症状],"(:症状 {name: ""有颅脑损伤史""})"
"(:临床常见问题 {name: ""尿崩症""})",[:有症状],"(:症状 {name: ""24h尿量>4000ml""})"
"(:临床常见问题 {name: ""尿崩症""})",[:有症状],"(:症状 {name: ""尿量> 200ml/h""})"
"(:临床常见问题 {name: ""尿崩症""})",[:有症状],"(:症状 {name: ""排除肾脏原因导致的多尿""})"
"(:临床常见问题 {name: ""脑积水""})",[:有症状],"(:症状 {name: ""头晕头痛""})"
"(:临床常见问题 {name: ""脑积水""})",[:有症状],"(:症状 {name: ""尿失禁""})"
"(:临床常见问题 {name: ""脑积水""})",[:有症状],"(:症状 {name: ""木僵""})"
"(:临床常见问题 {name: ""脑积水""})",[:有症状],"(:症状 {name: ""“三联征”""})"
"(:临床常见问题 {name: ""低颅压综合征""})",[:有症状],"(:症状 {name: ""有头颅外伤病史""})"
"(:临床常见问题 {name: ""低颅压综合征""})",[:有症状],"(:症状 {name: ""头痛、眩晕、呕吐等症状""})"
"(:临床常见问题 {name: ""低颅压综合征""})",[:有症状],"(:症状 {name: ""症状与脑损伤程度不符""})"
"(:临床常见问题 {name: ""低颅压综合征""})",[:有症状],"(:症状 {name: ""症状随头位升高而症状加剧""})"
"(:临床常见问题 {name: ""颅内高压""})",[:有症状],"(:症状 {name: ""头痛、眩晕、呕吐等症状""})"
"(:临床常见问题 {name: ""颅内高压""})",[:有症状],"(:症状 {name: ""嗜睡和意识改变""})"
"(:临床常见问题 {name: ""颅内高压""})",[:有症状],"(:症状 {name: ""头晕和平衡问题""})"
"(:临床常见问题 {name: ""颅内高压""})",[:有症状],"(:症状 {name: ""视力和眼部问题""})"
"(:临床常见问题 {name: ""颅内高压""})",[:有症状],"(:症状 {name: ""脑水肿加重""})"
"(:临床常见问题 {name: ""颅内高压""})",[:有症状],"(:症状 {name: ""胃肠功能紊乱""})"
"(:临床常见问题 {name: ""颅内高压""})",[:有症状],"(:症状 {name: ""消化道出血""})"
"(:临床常见问题 {name: ""颅内高压""})",[:有症状],"(:症状 {name: ""神经源性肺水肿""})"
"(:临床常见问题 {name: ""颅内高压""})",[:有症状],"(:症状 {name: ""库欣(Cushing)反应""})"
"(:临床常见问题 {name: ""自主神经功能障碍（交感过度兴奋）""})",[:有症状],"(:症状 {name: ""躁动""})"
"(:临床常见问题 {name: ""自主神经功能障碍（交感过度兴奋）""})",[:有症状],"(:症状 {name: ""多汗""})"
"(:临床常见问题 {name: ""自主神经功能障碍（交感过度兴奋）""})",[:有症状],"(:症状 {name: ""高热""})"
"(:临床常见问题 {name: ""自主神经功能障碍（交感过度兴奋）""})",[:有症状],"(:症状 {name: ""高血压""})"
"(:临床常见问题 {name: ""自主神经功能障碍（交感过度兴奋）""})",[:有症状],"(:症状 {name: ""心动过速""})"
"(:临床常见问题 {name: ""自主神经功能障碍（交感过度兴奋）""})",[:有症状],"(:症状 {name: ""呼吸急促""})"
"(:临床常见问题 {name: ""自主神经功能障碍（交感过度兴奋）""})",[:有症状],"(:症状 {name: ""肌张力障碍""})"
"(:临床常见问题 {name: ""自主神经功能障碍（交感过度兴奋）""})",[:有症状],"(:症状 {name: ""姿势异常""})"
"(:临床常见问题 {name: ""癫痫""})",[:有症状],"(:症状 {name: ""失神发作""})"
"(:临床常见问题 {name: ""癫痫""})",[:有症状],"(:症状 {name: ""肌阵挛发作""})"
"(:临床常见问题 {name: ""癫痫""})",[:有症状],"(:症状 {name: ""强直性发作""})"
"(:临床常见问题 {name: ""癫痫""})",[:有症状],"(:症状 {name: ""阵挛性发作""})"
"(:临床常见问题 {name: ""癫痫""})",[:有症状],"(:症状 {name: ""强直-阵挛性""})"
"(:临床常见问题 {name: ""癫痫""})",[:有症状],"(:症状 {name: ""失张力性发作""})"
"(:临床常见问题 {name: ""癫痫""})",[:有症状],"(:症状 {name: ""单纯部分性发作""})"
"(:临床常见问题 {name: ""癫痫""})",[:有症状],"(:症状 {name: ""复杂部分性发作""})"
"(:临床常见问题 {name: ""重症肺炎""})",[:有症状],"(:症状 {name: ""危险因素：吞咽障碍""})"
"(:临床常见问题 {name: ""重症肺炎""})",[:有症状],"(:症状 {name: ""危险因素：意识障碍""})"
"(:临床常见问题 {name: ""重症肺炎""})",[:有症状],"(:症状 {name: ""危险因素：高龄（年龄>70岁）""})"
"(:临床常见问题 {name: ""重症肺炎""})",[:有症状],"(:症状 {name: ""危险因素：长期卧床""})"
"(:临床常见问题 {name: ""重症肺炎""})",[:有症状],"(:症状 {name: ""危险因素：预防应激性溃疡药物使用""})"
"(:临床常见问题 {name: ""重症肺炎""})",[:有症状],"(:症状 {name: ""危险因素：鼻胃管喂养""})"
"(:临床常见问题 {name: ""重症肺炎""})",[:有症状],"(:症状 {name: ""危险因素：气管插管""})"
"(:临床常见问题 {name: ""重症肺炎""})",[:有症状],"(:症状 {name: ""危险因素：机械通气大剂量镇静药使用""})"
"(:临床常见问题 {name: ""重症肺炎""})",[:有症状],"(:症状 {name: ""多肺叶浸润""})"
"(:临床常见问题 {name: ""重症肺炎""})",[:有症状],"(:症状 {name: ""意识障碍""})"
"(:临床常见问题 {name: ""重症肺炎""})",[:有症状],"(:症状 {name: ""定向障碍""})"
"(:临床常见问题 {name: ""重症肺炎""})",[:有症状],"(:症状 {name: ""脓毒症休克，需要血管活性药物治疗""})"
"(:临床常见问题 {name: ""重症肺炎""})",[:有症状],"(:症状 {name: ""需要气管插管行机械通气治疗""})"
"(:临床常见问题 {name: ""深部静脉血栓""})",[:有症状],"(:症状 {name: ""不明原因的发热发热""})"
"(:临床常见问题 {name: ""深部静脉血栓""})",[:有症状],"(:症状 {name: ""患处及周围部位可有发绀、疼痛、肿胀和静脉血管增多""})"
"(:临床常见问题 {name: ""获得性神经肌病""})",[:有症状],"(:症状 {name: ""对称性四肢无力""})"
"(:临床常见问题 {name: ""获得性神经肌病""})",[:有症状],"(:症状 {name: ""脱机困难""})"
"(:临床常见问题 {name: ""获得性神经肌病""})",[:有症状],"(:症状 {name: ""腱反射减退或消失""})"
"(:临床常见问题 {name: ""意识障碍（disorder of consciousness, DOC）""})",[:康复评估],"(:康复量表 {name: ""格拉斯哥昏迷评分量表（Glasgow coma scale，GCS）""})"
"(:临床常见问题 {name: ""意识障碍（disorder of consciousness, DOC）""})",[:康复评估],"(:康复量表 {name: ""全面无反应评分量表(full outline of unresponsiveness, FOUR)\u0002""})"
"(:临床常见问题 {name: ""意识障碍（disorder of consciousness, DOC）""})",[:康复评估],"(:康复量表 {name: ""修订昏迷恢复量表(coma recovery scale revised， CRS-R）""})"
"(:临床常见问题 {name: ""意识障碍（disorder of consciousness, DOC）""})",[:康复评估],"(:康复量表 {name: ""格拉斯哥昏迷结局评分量表（Glasgow outcome scale GOS）""})"
"(:临床常见问题 {name: ""谵妄""})",[:康复评估],"(:康复量表 {name: ""监护室患者意识模糊评估法（confusion assessment method for the ICU, CAM-ICU）\u0002""})"
"(:临床常见问题 {name: ""谵妄""})",[:康复评估],"(:康复量表 {name: ""谵妄筛查量表（intensive care delirium screening checklist，ICDSC）\u0002""})"
"(:临床常见问题 {name: ""抑郁""})",[:康复评估],"(:康复量表 {name: ""抑郁自评量表（SDS）""})"
"(:临床常见问题 {name: ""抑郁""})",[:康复评估],"(:康复量表 {name: ""汉密尔顿 抑郁量表（HAMD）""})"
"(:临床常见问题 {name: ""疼痛""})",[:康复评估],"(:康复量表 {name: ""数字评分法（numerical rating scale, NRS）""})"
"(:临床常见问题 {name: ""疼痛""})",[:康复评估],"(:康复量表 {name: ""面部表情评分法""})"
"(:临床常见问题 {name: ""疼痛""})",[:康复评估],"(:康复量表 {name: ""非语言疼痛评分""})"
"(:临床常见问题 {name: ""镇静""})",[:康复评估],"(:康复量表 {name: ""Richmond躁动镇静评分""})"
"(:临床常见问题 {name: ""镇静""})",[:康复评估],"(:康复量表 {name: ""Ricker镇静-躁动评分""})"
"(:临床常见问题 {name: ""深部静脉血栓""})",[:康复评估],"(:康复量表 {name: ""改良Wells评分""})"
"(:临床常见问题 {name: ""急性胃肠损伤Ⅰ级""})",[:康复评估],"(:康复量表 {name: ""GCS评分""})"
"(:临床常见问题 {name: ""营养不良""})",[:康复评估],"(:康复量表 {name: ""营养风险筛查 2002 量表（nutrition risk score 2002，NRS 2002）""})"
"(:临床常见问题 {name: ""营养不良""})",[:康复评估],"(:康复量表 {name: ""营养不良通用筛查工具（malnutrition universal screening tool，MUST）""})"
"(:临床常见问题 {name: ""营养不良""})",[:康复评估],"(:康复量表 {name: ""主观全面评估（subjective global assessment， SGA）""})"
"(:临床常见问题 {name: ""肩痛""})",[:康复评估],"(:康复量表 {name: ""肌肉骨骼评估""})"
"(:临床常见问题 {name: ""肩痛""})",[:康复评估],"(:康复量表 {name: ""痉挛状态评估""})"
"(:临床常见问题 {name: ""肩痛""})",[:康复评估],"(:康复量表 {name: ""肩关节半脱位识别""})"
"(:临床常见问题 {name: ""肩痛""})",[:康复评估],"(:康复量表 {name: ""局部感觉障碍检查""})"
"(:临床常见问题 {name: ""意识障碍（disorder of consciousness, DOC）""})",[:其他检查],"(:临床检查 {name: ""脑电图（EEG）""})"
"(:临床常见问题 {name: ""意识障碍（disorder of consciousness, DOC）""})",[:其他检查],"(:临床检查 {name: ""诱发电位（evoked potential，EP）""})"
"(:临床常见问题 {name: ""尿崩症""})",[:其他检查],"(:临床检查 {name: ""尿常规""})"
"(:临床常见问题 {name: ""尿崩症""})",[:其他检查],"(:临床检查 {name: ""血尿电解质""})"
"(:临床常见问题 {name: ""尿崩症""})",[:其他检查],"(:临床检查 {name: ""CVP监测""})"
"(:临床常见问题 {name: ""尿崩症""})",[:其他检查],"(:临床检查 {name: ""有创血流动力学监测""})"
"(:临床常见问题 {name: ""尿崩症""})",[:其他检查],"(:临床检查 {name: ""定时血常规""})"
"(:临床常见问题 {name: ""脑积水""})",[:其他检查],"(:临床检查 {name: ""腰穿""})"
"(:临床常见问题 {name: ""低颅压综合征""})",[:其他检查],"(:临床检查 {name: ""腰椎穿刺测压""})"
"(:临床常见问题 {name: ""颅内高压""})",[:其他检查],"(:临床检查 {name: ""腰大池穿刺测压""})"
"(:临床常见问题 {name: ""颅内高压""})",[:其他检查],"(:临床检查 {name: ""颅内有创测 压方式""})"
"(:临床常见问题 {name: ""癫痫""})",[:其他检查],"(:临床检查 {name: ""脑电图""})"
"(:临床常见问题 {name: ""室性心动过速""})",[:其他检查],"(:临床检查 {name: ""血常规""})"
"(:临床常见问题 {name: ""室性心动过速""})",[:其他检查],"(:临床检查 {name: ""电解质""})"
"(:临床常见问题 {name: ""室性心动过速""})",[:其他检查],"(:临床检查 {name: ""血尿素氮""})"
"(:临床常见问题 {name: ""室性心动过速""})",[:其他检查],"(:临床检查 {name: ""肌酐""})"
"(:临床常见问题 {name: ""室性心动过速""})",[:其他检查],"(:临床检查 {name: ""心肌损伤标志物""})"
"(:临床常见问题 {name: ""室性心动过速""})",[:其他检查],"(:临床检查 {name: ""血糖""})"
"(:临床常见问题 {name: ""室性心动过速""})",[:其他检查],"(:临床检查 {name: ""血气""})"
"(:临床常见问题 {name: ""慢性心力衰竭""})",[:其他检查],"(:临床检查 {name: ""心脏彩超""})"
"(:临床常见问题 {name: ""慢性心力衰竭""})",[:其他检查],"(:临床检查 {name: ""心电图""})"
"(:临床常见问题 {name: ""重症肺炎""})",[:其他检查],"(:临床检查 {name: ""血尿素氮≥7.14mmol/L""})"
"(:临床常见问题 {name: ""重症肺炎""})",[:其他检查],"(:临床检查 {name: ""氧合指数≤250mmHg""})"
"(:临床常见问题 {name: ""重症肺炎""})",[:其他检查],"(:临床检查 {name: ""呼吸频率≥30 次/min""})"
"(:临床常见问题 {name: ""深部静脉血栓""})",[:其他检查],"(:临床检查 {name: ""血浆D-二聚体测定""})"
"(:临床常见问题 {name: ""深部静脉血栓""})",[:其他检查],"(:临床检查 {name: ""彩色多普勒超声""})"
"(:临床常见问题 {name: ""深部静脉血栓""})",[:其他检查],"(:临床检查 {name: ""凝血功能监测""})"
"(:临床常见问题 {name: ""获得性神经肌病""})",[:其他检查],"(:临床检查 {name: ""血清肌酸激酶测定""})"
"(:临床常见问题 {name: ""获得性神经肌病""})",[:其他检查],"(:临床检查 {name: ""电生理检查""})"
"(:临床常见问题 {name: ""获得性神经肌病""})",[:其他检查],"(:临床检查 {name: ""肌肉活检""})"
"(:临床常见问题 {name: ""急性胃肠损伤Ⅳ级""})",[:其他检查],"(:临床检查 {name: ""上消化道内镜检查""})"
"(:临床常见问题 {name: ""营养不良""})",[:其他检查],"(:临床检查 {name: ""代谢车测定""})"
"(:临床常见问题 {name: ""营养不良""})",[:其他检查],"(:临床检查 {name: ""Faisy预测公式""})"
"(:临床常见问题 {name: ""营养不良""})",[:其他检查],"(:临床检查 {name: ""Penn State预测公式""})"
"(:临床常见问题 {name: ""意识障碍（disorder of consciousness, DOC）""})",[:相关药物],"(:药物 {name: ""金刚烷胺""})"
"(:临床常见问题 {name: ""意识障碍（disorder of consciousness, DOC）""})",[:相关药物],"(:药物 {name: ""溴隐亭""})"
"(:临床常见问题 {name: ""意识障碍（disorder of consciousness, DOC）""})",[:相关药物],"(:药物 {name: ""多巴丝肼""})"
"(:临床常见问题 {name: ""意识障碍（disorder of consciousness, DOC）""})",[:相关药物],"(:药物 {name: ""盐酸纳洛酮""})"
"(:临床常见问题 {name: ""意识障碍（disorder of consciousness, DOC）""})",[:相关药物],"(:药物 {name: ""酒石酸唑吡坦""})"
"(:临床常见问题 {name: ""谵妄""})",[:相关药物],"(:药物 {name: ""右美托咪啶""})"
"(:临床常见问题 {name: ""谵妄""})",[:相关药物],"(:药物 {name: ""丙泊酚""})"
"(:临床常见问题 {name: ""恐惧""})",[:相关药物],"(:药物 {name: ""阿普唑仑""})"
"(:临床常见问题 {name: ""抑郁""})",[:相关药物],"(:药物 {name: ""帕罗西汀""})"
"(:临床常见问题 {name: ""抑郁""})",[:相关药物],"(:药物 {name: ""舍曲林""})"
"(:临床常见问题 {name: ""抑郁""})",[:相关药物],"(:药物 {name: ""文拉法辛""})"
"(:临床常见问题 {name: ""脑卒中后中枢性疼痛（central poststroke pain，CPSP）""})",[:相关药物],"(:药物 {name: ""加巴喷丁""})"
"(:临床常见问题 {name: ""脑卒中后中枢性疼痛（central poststroke pain，CPSP）""})",[:相关药物],"(:药物 {name: ""普瑞巴林""})"
"(:临床常见问题 {name: ""脑卒中后中枢性疼痛（central poststroke pain，CPSP）""})",[:相关药物],"(:药物 {name: ""拉莫三嗪""})"
"(:临床常见问题 {name: ""脑卒中后中枢性疼痛（central poststroke pain，CPSP）""})",[:相关药物],"(:药物 {name: ""苯妥英钠""})"
"(:临床常见问题 {name: ""脑卒中后中枢性疼痛（central poststroke pain，CPSP）""})",[:相关药物],"(:药物 {name: ""卡马西平""})"
"(:临床常见问题 {name: ""脑卒中后中枢性疼痛（central poststroke pain，CPSP）""})",[:相关药物],"(:药物 {name: ""阿米替林""})"
"(:临床常见问题 {name: ""镇静""})",[:相关药物],"(:药物 {name: ""芬太尼""})"
"(:临床常见问题 {name: ""镇静""})",[:相关药物],"(:药物 {name: ""瑞芬太尼""})"
"(:临床常见问题 {name: ""镇静""})",[:相关药物],"(:药物 {name: ""丙泊酚""})"
"(:临床常见问题 {name: ""镇静""})",[:相关药物],"(:药物 {name: ""咪达唑仑""})"
"(:临床常见问题 {name: ""镇静""})",[:相关药物],"(:药物 {name: ""右美托咪啶""})"
"(:临床常见问题 {name: ""尿崩症""})",[:相关药物],"(:药物 {name: ""醋酸去氨加压素片""})"
"(:临床常见问题 {name: ""尿崩症""})",[:相关药物],"(:药物 {name: ""垂体后叶素""})"
"(:临床常见问题 {name: ""低颅压综合征""})",[:相关药物],"(:药物 {name: ""咖啡因""})"
"(:临床常见问题 {name: ""自主神经功能障碍（交感过度兴奋）""})",[:相关药物],"(:药物 {name: ""溴隐亭""})"
"(:临床常见问题 {name: ""自主神经功能障碍（交感过度兴奋）""})",[:相关药物],"(:药物 {name: ""多巴丝肼""})"
"(:临床常见问题 {name: ""自主神经功能障碍（交感过度兴奋）""})",[:相关药物],"(:药物 {name: ""盐酸氯丙嗪""})"
"(:临床常见问题 {name: ""自主神经功能障碍（交感过度兴奋）""})",[:相关药物],"(:药物 {name: ""氟哌啶醇""})"
"(:临床常见问题 {name: ""自主神经功能障碍（交感过度兴奋）""})",[:相关药物],"(:药物 {name: ""咪达唑仑""})"
"(:临床常见问题 {name: ""自主神经功能障碍（交感过度兴奋）""})",[:相关药物],"(:药物 {name: ""地西泮""})"
"(:临床常见问题 {name: ""自主神经功能障碍（交感过度兴奋）""})",[:相关药物],"(:药物 {name: ""氯硝西泮""})"
"(:临床常见问题 {name: ""自主神经功能障碍（交感过度兴奋）""})",[:相关药物],"(:药物 {name: ""吗啡""})"
"(:临床常见问题 {name: ""自主神经功能障碍（交感过度兴奋）""})",[:相关药物],"(:药物 {name: ""可乐定""})"
"(:临床常见问题 {name: ""自主神经功能障碍（交感过度兴奋）""})",[:相关药物],"(:药物 {name: ""哌唑嗪""})"
"(:临床常见问题 {name: ""自主神经功能障碍（交感过度兴奋）""})",[:相关药物],"(:药物 {name: ""普萘洛尔""})"
"(:临床常见问题 {name: ""自主神经功能障碍（交感过度兴奋）""})",[:相关药物],"(:药物 {name: ""丹曲林""})"
"(:临床常见问题 {name: ""自主神经功能障碍（交感过度兴奋）""})",[:相关药物],"(:药物 {name: ""巴氯芬""})"
"(:临床常见问题 {name: ""癫痫""})",[:相关药物],"(:药物 {name: ""加巴喷丁""})"
"(:临床常见问题 {name: ""癫痫""})",[:相关药物],"(:药物 {name: ""拉莫三嗪""})"
"(:临床常见问题 {name: ""癫痫""})",[:相关药物],"(:药物 {name: ""卡马西平""})"
"(:临床常见问题 {name: ""室上性心动过速""})",[:相关药物],"(:药物 {name: ""腺苷""})"
"(:临床常见问题 {name: ""室上性心动过速""})",[:相关药物],"(:药物 {name: ""维拉帕米""})"
"(:临床常见问题 {name: ""室上性心动过速""})",[:相关药物],"(:药物 {name: ""美托洛尔""})"
"(:临床常见问题 {name: ""室上性心动过速""})",[:相关药物],"(:药物 {name: ""艾司洛尔""})"
"(:临床常见问题 {name: ""心房颤动""})",[:相关药物],"(:药物 {name: ""美托洛尔""})"
"(:临床常见问题 {name: ""心房颤动""})",[:相关药物],"(:药物 {name: ""艾司洛尔""})"
"(:临床常见问题 {name: ""心房颤动""})",[:相关药物],"(:药物 {name: ""地高辛""})"
"(:临床常见问题 {name: ""心房颤动""})",[:相关药物],"(:药物 {name: ""胺碘酮""})"
"(:临床常见问题 {name: ""室性心动过速""})",[:相关药物],"(:药物 {name: ""利多卡因""})"
"(:临床常见问题 {name: ""室性心动过速""})",[:相关药物],"(:药物 {name: ""胺碘酮""})"
"(:临床常见问题 {name: ""室性心动过速""})",[:相关药物],"(:药物 {name: ""镁剂""})"
"(:临床常见问题 {name: ""深部静脉血栓""})",[:相关药物],"(:药物 {name: ""普通肝素""})"
"(:临床常见问题 {name: ""深部静脉血栓""})",[:相关药物],"(:药物 {name: ""低分子肝素""})"
"(:临床常见问题 {name: ""深部静脉血栓""})",[:相关药物],"(:药物 {name: ""利伐沙班""})"
"(:临床常见问题 {name: ""急性胃肠损伤Ⅱ级""})",[:相关药物],"(:药物 {name: ""阿片类药物""})"
"(:临床常见问题 {name: ""急性胃肠损伤Ⅱ级""})",[:相关药物],"(:药物 {name: ""儿茶酚胺""})"
"(:临床常见问题 {name: ""急性胃肠损伤Ⅲ级""})",[:相关药物],"(:药物 {name: ""PPI""})"
"(:临床常见问题 {name: ""急性胃肠损伤Ⅲ级""})",[:相关药物],"(:药物 {name: ""H2RB""})"
"(:临床常见问题 {name: ""急性胃肠损伤Ⅳ级""})",[:相关药物],"(:药物 {name: ""PPI""})"
"(:临床常见问题 {name: ""急性胃肠损伤Ⅳ级""})",[:相关药物],"(:药物 {name: ""H2RB""})"
"(:临床常见问题 {name: ""严重腹胀""})",[:相关药物],"(:药物 {name: ""新斯的明""})"
"(:临床常见问题 {name: ""骨质疏松""})",[:相关药物],"(:药物 {name: ""维生素 D""})"
"(:临床常见问题 {name: ""肩痛""})",[:相关药物],"(:药物 {name: ""对乙酰氨基酚""})"
"(:临床常见问题 {name: ""肩痛""})",[:相关药物],"(:药物 {name: ""布洛芬""})"
"(:临床常见问题 {name: ""复合性区域疼痛综合征（complex regional pain syndrome，CRPS）""})",[:相关药物],"(:药物 {name: ""二膦酸盐""})"
"(:临床常见问题 {name: ""复合性区域疼痛综合征（complex regional pain syndrome，CRPS）""})",[:相关药物],"(:药物 {name: ""糖皮质激素""})"
"(:临床常见问题 {name: ""复合性区域疼痛综合征（complex regional pain syndrome，CRPS）""})",[:相关药物],"(:药物 {name: ""非甾体抗炎药""})"
"(:临床常见问题 {name: ""复合性区域疼痛综合征（complex regional pain syndrome，CRPS）""})",[:相关药物],"(:药物 {name: ""抗惊厥类""})"
"(:临床常见问题 {name: ""复合性区域疼痛综合征（complex regional pain syndrome，CRPS）""})",[:相关药物],"(:药物 {name: ""抗抑郁类""})"
"(:临床常见问题 {name: ""复合性区域疼痛综合征（complex regional pain syndrome，CRPS）""})",[:相关药物],"(:药物 {name: ""阿片类""})"
"(:临床常见问题 {name: ""复合性区域疼痛综合征（complex regional pain syndrome，CRPS）""})",[:相关药物],"(:药物 {name: ""NMDA受体拮抗剂""})"
"(:临床常见问题 {name: ""复合性区域疼痛综合征（complex regional pain syndrome，CRPS）""})",[:相关药物],"(:药物 {name: ""表面镇痛剂""})"
"(:临床常见问题 {name: ""尿失禁""})",[:相关药物],"(:药物 {name: ""抗胆碱能药物""})"
"(:临床常见问题 {name: ""尿潴留""})",[:相关药物],"(:药物 {name: ""坦索罗辛""})"
"(:临床常见问题 {name: ""尿潴留""})",[:相关药物],"(:药物 {name: ""多沙唑嗪""})"
"(:临床常见问题 {name: ""意识障碍（disorder of consciousness, DOC）""})",[:相关治疗],"(:临床措施 {name: ""高压氧治疗""})"
"(:临床常见问题 {name: ""意识障碍（disorder of consciousness, DOC）""})",[:相关治疗],"(:临床措施 {name: ""神经电刺激治疗""})"
"(:临床常见问题 {name: ""意识障碍（disorder of consciousness, DOC）""})",[:相关治疗],"(:临床措施 {name: ""感觉刺激治疗""})"
"(:临床常见问题 {name: ""意识障碍（disorder of consciousness, DOC）""})",[:相关治疗],"(:临床措施 {name: ""穴位针刺促醒""})"
"(:临床常见问题 {name: ""恐惧""})",[:相关治疗],"(:临床措施 {name: ""心理疏导和慰籍""})"
"(:临床常见问题 {name: ""脑卒中后中枢性疼痛（central poststroke pain，CPSP）""})",[:相关治疗],"(:临床措施 {name: ""VR 辅助催眠""})"
"(:临床常见问题 {name: ""脑卒中后中枢性疼痛（central poststroke pain，CPSP）""})",[:相关治疗],"(:临床措施 {name: ""rTMS""})"
"(:临床常见问题 {name: ""脑卒中后中枢性疼痛（central poststroke pain，CPSP）""})",[:相关治疗],"(:临床措施 {name: ""运动皮质刺激""})"
"(:临床常见问题 {name: ""重型颅脑损伤""})",[:相关治疗],"(:临床措施 {name: ""亚低温治疗""})"
"(:临床常见问题 {name: ""重型颅脑损伤""})",[:相关治疗],"(:临床措施 {name: ""隆德概念集束化治疗""})"
"(:临床常见问题 {name: ""轻中型颅脑损伤""})",[:相关治疗],"(:临床措施 {name: ""最小化镇静策略""})"
"(:临床常见问题 {name: ""尿崩症""})",[:相关治疗],"(:临床措施 {name: ""避免使用脱水药物""})"
"(:临床常见问题 {name: ""尿崩症""})",[:相关治疗],"(:临床措施 {name: ""严密监测24h水出入量""})"
"(:临床常见问题 {name: ""脑积水""})",[:相关治疗],"(:临床措施 {name: ""内镜下三脑室底造瘘 术""})"
"(:临床常见问题 {name: ""脑积水""})",[:相关治疗],"(:临床措施 {name: ""脑室腹腔分流""})"
"(:临床常见问题 {name: ""脑积水""})",[:相关治疗],"(:临床措施 {name: ""腰大池腹腔分流""})"
"(:临床常见问题 {name: ""脑积水""})",[:相关治疗],"(:临床措施 {name: ""中医药活血化瘀""})"
"(:临床常见问题 {name: ""脑积水""})",[:相关治疗],"(:临床措施 {name: ""三焦疏通法""})"
"(:临床常见问题 {name: ""低颅压综合征""})",[:相关治疗],"(:临床措施 {name: ""硬膜外血补丁""})"
"(:临床常见问题 {name: ""低颅压综合征""})",[:相关治疗],"(:临床措施 {name: ""卧床休息""})"
"(:临床常见问题 {name: ""低颅压综合征""})",[:相关治疗],"(:临床措施 {name: ""大量饮水""})"
"(:临床常见问题 {name: ""低颅压综合征""})",[:相关治疗],"(:临床措施 {name: ""静脉补液""})"
"(:临床常见问题 {name: ""低颅压综合征""})",[:相关治疗],"(:临床措施 {name: ""经脑室或腰穿鞘内注入生理盐水""})"
"(:临床常见问题 {name: ""低颅压综合征""})",[:相关治疗],"(:临床措施 {name: ""手术修补瘘口""})"
"(:临床常见问题 {name: ""低颅压综合征""})",[:相关治疗],"(:临床措施 {name: ""缓解血管痉挛""})"
"(:临床常见问题 {name: ""低颅压综合征""})",[:相关治疗],"(:临床措施 {name: ""纠正水电解质酸碱平衡、 休克和脱水""})"
"(:临床常见问题 {name: ""颅内高压""})",[:相关治疗],"(:临床措施 {name: ""头高位体位""})"
"(:临床常见问题 {name: ""颅内高压""})",[:相关治疗],"(:临床措施 {name: ""纠正低血压和低血容量""})"
"(:临床常见问题 {name: ""颅内高压""})",[:相关治疗],"(:临床措施 {name: ""维持适当血压，保持脑灌注压""})"
"(:临床常见问题 {name: ""颅内高压""})",[:相关治疗],"(:临床措施 {name: ""气道管理""})"
"(:临床常见问题 {name: ""颅内高压""})",[:相关治疗],"(:临床措施 {name: ""控制体温至正常或偏低水平""})"
"(:临床常见问题 {name: ""颅内高压""})",[:相关治疗],"(:临床措施 {name: ""镇痛、镇静""})"
"(:临床常见问题 {name: ""颅内高压""})",[:相关治疗],"(:临床措施 {name: ""外引流脑脊液""})"
"(:临床常见问题 {name: ""颅内高压""})",[:相关治疗],"(:临床措施 {name: ""渗透性利尿剂""})"
"(:临床常见问题 {name: ""颅内高压""})",[:相关治疗],"(:临床措施 {name: ""去骨瓣减压手术治疗""})"
"(:临床常见问题 {name: ""癫痫""})",[:相关治疗],"(:临床措施 {name: ""定期监测患者血清抗癫痫药物浓度""})"
"(:临床常见问题 {name: ""癫痫""})",[:相关治疗],"(:临床措施 {name: ""外科手术治疗""})"
"(:临床常见问题 {name: ""室上性心动过速""})",[:相关治疗],"(:临床措施 {name: ""刺 激迷走神经""})"
"(:临床常见问题 {name: ""深部静脉血栓""})",[:相关治疗],"(:临床措施 {name: ""气道廓清""})"
"(:临床常见问题 {name: ""深部静脉血栓""})",[:相关治疗],"(:临床措施 {name: ""痰液引流""})"
"(:临床常见问题 {name: ""深部静脉血栓""})",[:相关治疗],"(:临床措施 {name: ""营养支持""})"
"(:临床常见问题 {name: ""深部静脉血栓""})",[:相关治疗],"(:临床措施 {name: ""抗生素治疗""})"
"(:临床常见问题 {name: ""深部静脉血栓""})",[:相关治疗],"(:临床措施 {name: ""应用抗凝药物""})"
"(:临床常见问题 {name: ""深部静脉血栓""})",[:相关治疗],"(:临床措施 {name: ""肢体气压、运动""})"
"(:临床常见问题 {name: ""深部静脉血栓""})",[:相关治疗],"(:临床措施 {name: ""机械措施""})"
"(:临床常见问题 {name: ""深部静脉血栓""})",[:相关治疗],"(:临床措施 {name: ""肢体的运动治疗""})"
"(:临床常见问题 {name: ""深部静脉血栓""})",[:相关治疗],"(:临床措施 {name: ""局部淋巴按摩""})"
"(:临床常见问题 {name: ""获得性神经肌病""})",[:相关治疗],"(:临床措施 {name: ""运动疗法""})"
"(:临床常见问题 {name: ""获得性神经肌病""})",[:相关治疗],"(:临床措施 {name: ""神经肌肉电刺激""})"
"(:临床常见问题 {name: ""获得性神经肌病""})",[:相关治疗],"(:临床措施 {name: ""气压治疗""})"
"(:临床常见问题 {name: ""获得性神经肌病""})",[:相关治疗],"(:临床措施 {name: ""体外反搏治疗""})"
"(:临床常见问题 {name: ""获得性神经肌病""})",[:相关治疗],"(:临床措施 {name: ""传统康复""})"
"(:临床常见问题 {name: ""急性胃肠损伤Ⅰ级""})",[:相关治疗],"(:临床措施 {name: ""肠内营养""})"
"(:临床常见问题 {name: ""急性胃肠损伤Ⅱ级""})",[:相关治疗],"(:临床措施 {name: ""肠内营养""})"
"(:临床常见问题 {name: ""急性胃肠损伤Ⅱ级""})",[:相关治疗],"(:临床措施 {name: ""幽门后喂养""})"
"(:临床常见问题 {name: ""急性胃肠损伤Ⅲ级""})",[:相关治疗],"(:临床措施 {name: ""应用生长激素抑制剂""})"
"(:临床常见问题 {name: ""急性胃肠损伤Ⅲ级""})",[:相关治疗],"(:临床措施 {name: ""提倡滋养型肠内营养喂养""})"
"(:临床常见问题 {name: ""急性胃肠损伤Ⅳ级""})",[:相关治疗],"(:临床措施 {name: ""停止肠内营养""})"
"(:临床常见问题 {name: ""急性胃肠损伤Ⅳ级""})",[:相关治疗],"(:临床措施 {name: ""应用生长激素抑制剂""})"
"(:临床常见问题 {name: ""严重腹胀""})",[:相关治疗],"(:临床措施 {name: ""床头抬高30°—45°""})"
"(:临床常见问题 {name: ""严重腹胀""})",[:相关治疗],"(:临床措施 {name: ""给予促进胃肠动力药物""})"
"(:临床常见问题 {name: ""严重腹胀""})",[:相关治疗],"(:临床措施 {name: ""维持水电解质平衡""})"
"(:临床常见问题 {name: ""严重腹胀""})",[:相关治疗],"(:临床措施 {name: ""胃肠减压""})"
"(:临床常见问题 {name: ""严重腹胀""})",[:相关治疗],"(:临床措施 {name: ""使用结肠镜减压""})"
"(:临床常见问题 {name: ""严重腹胀""})",[:相关治疗],"(:临床措施 {name: ""胸椎硬膜外麻醉的 腹腔镜手术""})"
"(:临床常见问题 {name: ""营养不良""})",[:相关治疗],"(:临床措施 {name: ""胃管管饲肠内营养""})"
"(:临床常见问题 {name: ""营养不良""})",[:相关治疗],"(:临床措施 {name: ""鼻肠管管饲肠内营养""})"
"(:临床常见问题 {name: ""营养不良""})",[:相关治疗],"(:临床措施 {name: ""内镜引导下经皮穿刺胃肠造口术""})"
"(:临床常见问题 {name: ""营养不良""})",[:相关治疗],"(:临床措施 {name: ""肠外营养""})"
"(:临床常见问题 {name: ""营养不良""})",[:相关治疗],"(:临床措施 {name: ""营养供给量""})"
"(:临床常见问题 {name: ""营养不良""})",[:相关治疗],"(:临床措施 {name: ""监测和补充电解质、维生素及微量元素""})"
"(:临床常见问题 {name: ""骨质疏松""})",[:相关治疗],"(:临床措施 {name: ""增加体力活动""})"
"(:临床常见问题 {name: ""肩关节半脱位""})",[:相关治疗],"(:临床措施 {name: ""体位摆放""})"
"(:临床常见问题 {name: ""肩关节半脱位""})",[:相关治疗],"(:临床措施 {name: ""神经肌肉电刺激""})"
"(:临床常见问题 {name: ""肩关节半脱位""})",[:相关治疗],"(:临床措施 {name: ""传统运动疗法""})"
"(:临床常见问题 {name: ""肩痛""})",[:相关治疗],"(:临床措施 {name: ""神经肌肉电刺激""})"
"(:临床常见问题 {name: ""肩痛""})",[:相关治疗],"(:临床措施 {name: ""功能性电刺激""})"
"(:临床常见问题 {name: ""复合性区域疼痛综合征（complex regional pain syndrome，CRPS）""})",[:相关治疗],"(:临床措施 {name: ""适度抬高患肢并配合被动活动""})"
"(:临床常见问题 {name: ""复合性区域疼痛综合征（complex regional pain syndrome，CRPS）""})",[:相关治疗],"(:临床措施 {name: ""神经肌肉电刺激""})"
"(:临床常见问题 {name: ""复合性区域疼痛综合征（complex regional pain syndrome，CRPS）""})",[:相关治疗],"(:临床措施 {name: ""主动/被动训练""})"
"(:临床常见问题 {name: ""复合性区域疼痛综合征（complex regional pain syndrome，CRPS）""})",[:相关治疗],"(:临床措施 {name: ""力量训练""})"
"(:临床常见问题 {name: ""复合性区域疼痛综合征（complex regional pain syndrome，CRPS）""})",[:相关治疗],"(:临床措施 {name: ""日常生活活动训练""})"
"(:临床常见问题 {name: ""复合性区域疼痛综合征（complex regional pain syndrome，CRPS）""})",[:相关治疗],"(:临床措施 {name: ""精神心理治疗""})"
"(:临床常见问题 {name: ""复合性区域疼痛综合征（complex regional pain syndrome，CRPS）""})",[:相关治疗],"(:临床措施 {name: ""镜像治疗""})"
"(:临床常见问题 {name: ""复合性区域疼痛综合征（complex regional pain syndrome，CRPS）""})",[:相关治疗],"(:临床措施 {name: ""A 型肉毒毒素注射""})"
"(:临床常见问题 {name: ""尿失禁""})",[:相关治疗],"(:临床措施 {name: ""交感神经阻滞""})"
"(:临床常见问题 {name: ""尿失禁""})",[:相关治疗],"(:临床措施 {name: ""定时/提示排尿训练""})"
"(:临床常见问题 {name: ""尿失禁""})",[:相关治疗],"(:临床措施 {name: ""膀胱训练""})"
"(:临床常见问题 {name: ""尿失禁""})",[:相关治疗],"(:临床措施 {name: ""冲动抑制""})"
"(:临床常见问题 {name: ""尿失禁""})",[:相关治疗],"(:临床措施 {name: ""盆底肌训练""})"
"(:临床常见问题 {name: ""尿失禁""})",[:相关治疗],"(:临床措施 {name: ""饮水管理""})"
"(:临床常见问题 {name: ""尿失禁""})",[:相关治疗],"(:临床措施 {name: ""间歇性导尿""})"
"(:临床常见问题 {name: ""尿失禁""})",[:相关治疗],"(:临床措施 {name: ""留置尿管""})"
"(:临床常见问题 {name: ""尿潴留""})",[:相关治疗],"(:临床措施 {name: ""清洁间歇导尿""})"
"(:临床常见问题 {name: ""尿潴留""})",[:相关治疗],"(:临床措施 {name: ""留置尿管""})"
"(:临床常见问题 {name: ""意识障碍（disorder of consciousness, DOC）""})",[:影像检查],"(:医学影像 {name: ""MRI""})"
"(:临床常见问题 {name: ""意识障碍（disorder of consciousness, DOC）""})",[:影像检查],"(:医学影像 {name: ""CT""})"
"(:临床常见问题 {name: ""意识障碍（disorder of consciousness, DOC）""})",[:影像检查],"(:医学影像 {name: ""Fmri""})"
"(:临床常见问题 {name: ""尿崩症""})",[:影像检查],"(:医学影像 {name: ""MRI""})"
"(:临床常见问题 {name: ""脑积水""})",[:影像检查],"(:医学影像 {name: ""MRI""})"
"(:临床常见问题 {name: ""脑积水""})",[:影像检查],"(:医学影像 {name: ""CT""})"
"(:临床常见问题 {name: ""低颅压综合征""})",[:影像检查],"(:医学影像 {name: ""MRI""})"
"(:临床常见问题 {name: ""颅内高压""})",[:影像检查],"(:医学影像 {name: ""CT""})"
"(:临床常见问题 {name: ""颅内高压""})",[:影像检查],"(:医学影像 {name: ""MRI""})"
"(:临床常见问题 {name: ""肩痛""})",[:影像检查],"(:医学影像 {name: ""超声""})"
"(:康复管理 {name: ""运动管理""})",[:康复评估],"(:康复量表 {name: ""Richmond躁动镇静评分""})"
"(:康复管理 {name: ""运动管理""})",[:康复评估],"(:康复量表 {name: ""标准化5问题问卷（Standardized Five Questions，S5Q）""})"
"(:康复管理 {name: ""运动管理""})",[:康复评估],"(:康复量表 {name: ""改良Ashworth量表（modified Ashworth scale, MAS)""})"
"(:康复管理 {name: ""运动管理""})",[:康复评估],"(:康复量表 {name: ""徒手肌力测试（medical research council，MRC）""})"
"(:康复管理 {name: ""运动管理""})",[:康复评估],"(:康复量表 {name: ""关节活动测量""})"
"(:康复管理 {name: ""运动管理""})",[:康复评估],"(:康复量表 {name: ""DE Morton活动指数 (DE Morton mobility index, DEMMI)""})"
"(:康复管理 {name: ""运动管理""})",[:康复评估],"(:康复量表 {name: ""自觉疲劳程度量表(rating perceived of exertion, RPE)\u0002""})"
"(:康复管理 {name: ""运动管理""})",[:康复评估],"(:康复量表 {name: ""Brunnstrom运动功能恢复六阶段分级评定""})"
"(:康复管理 {name: ""运动管理""})",[:康复评估],"(:康复量表 {name: ""ASIA标准（American Spinal Injury Association，美国脊髓损伤协会标准）""})"
"(:康复管理 {name: ""呼吸管理""})",[:康复评估],"(:康复量表 {name: ""生活质量评定""})"
"(:康复管理 {name: ""呼吸管理""})",[:康复评估],"(:康复量表 {name: ""吞咽能力评定""})"
"(:康复管理 {name: ""呼吸管理""})",[:康复评估],"(:康复量表 {name: ""心肺运动负荷试验""})"
"(:康复管理 {name: ""吞咽管理""})",[:康复评估],"(:康复量表 {name: ""吞咽器官检查""})"
"(:康复管理 {name: ""吞咽管理""})",[:康复评估],"(:康复量表 {name: ""咽反射检查""})"
"(:康复管理 {name: ""肌痉挛""})",[:康复评估],"(:康复量表 {name: ""肢体痉挛程度（MAS量表）评估""})"
"(:康复管理 {name: ""肌痉挛""})",[:康复评估],"(:康复量表 {name: ""痉挛累及关节的主被动活动度（ROM）评估""})"
"(:康复管理 {name: ""肌痉挛""})",[:康复评估],"(:康复量表 {name: ""痉挛肢体疼痛程度（VAS）评估""})"
"(:康复管理 {name: ""肌痉挛""})",[:康复评估],"(:康复量表 {name: ""痉挛肢体功能状态评估（FMA）""})"
"(:康复管理 {name: ""关节僵直""})",[:康复评估],"(:康复量表 {name: ""关节的主被动活动度测量""})"
"(:康复管理 {name: ""关节僵直""})",[:康复评估],"(:康复量表 {name: ""疼痛程度VAS评估""})"
"(:康复管理 {name: ""关节僵直""})",[:康复评估],"(:康复量表 {name: ""日常生活能力评估""})"
"(:康复管理 {name: ""压疮""})",[:康复评估],"(:康复量表 {name: ""压疮国际分级法分级""})"
"(:康复管理 {name: ""吞咽管理""})",[:影像检查],"(:医学影像 {name: ""吞咽X线造影录像""})"
"(:康复管理 {name: ""吞咽管理""})",[:影像检查],"(:医学影像 {name: ""软管喉内镜吞咽检查（FEES）""})"
"(:康复管理 {name: ""呼吸管理""})",[:影像检查],"(:医学影像 {name: ""CT""})"
"(:康复管理 {name: ""呼吸管理""})",[:影像检查],"(:医学影像 {name: ""胸部X线""})"
"(:康复管理 {name: ""膀胱管理""})",[:影像检查],"(:医学影像 {name: ""膀胱尿道造影""})"
"(:康复管理 {name: ""肌痉挛""})",[:相关药物],"(:药物 {name: ""丹曲林""})"
"(:康复管理 {name: ""肌痉挛""})",[:相关药物],"(:药物 {name: ""丹曲林""})"
"(:康复管理 {name: ""肌痉挛""})",[:相关药物],"(:药物 {name: ""丹曲林""})"
"(:康复管理 {name: ""肌痉挛""})",[:相关药物],"(:药物 {name: ""荐巴氯芬（Baclofen）""})"
"(:康复管理 {name: ""肌痉挛""})",[:相关药物],"(:药物 {name: ""替扎尼定（Tizanidine）""})"
"(:康复管理 {name: ""呼吸管理""})",[:影像检查],"(:医学影像 {name: ""CT""})"
"(:康复管理 {name: ""呼吸管理""})",[:影像检查],"(:医学影像 {name: ""超声""})"
"(:康复管理 {name: ""呼吸管理""})",[:影像检查],"(:医学影像 {name: ""超声""})"
"(:康复管理 {name: ""肌痉挛""})",[:相关药物],"(:药物 {name: ""苯二氮卓类（Benzodiaze\u0002pines）""})"
"(:康复管理 {name: ""膀胱管理""})",[:影像检查],"(:医学影像 {name: ""尿路超声""})"
"(:康复管理 {name: ""膀胱管理""})",[:影像检查],"(:医学影像 {name: ""磁共振水成像""})"
"(:康复管理 {name: ""吞咽管理""})",[:相关治疗],"(:临床措施 {name: ""拔除气管套管，考虑经口进食""})"
"(:康复管理 {name: ""膀胱管理""})",[:相关治疗],"(:临床措施 {name: ""排尿日记记录""})"
"(:康复管理 {name: ""膀胱管理""})",[:相关治疗],"(:临床措施 {name: ""留置导尿管""})"
"(:康复管理 {name: ""膀胱管理""})",[:相关治疗],"(:临床措施 {name: ""间歇导尿协助膀胱排空""})"
"(:康复管理 {name: ""膀胱管理""})",[:相关治疗],"(:临床措施 {name: ""经耻骨上膀胱造瘘""})"
"(:康复管理 {name: ""肌痉挛""})",[:相关治疗],"(:临床措施 {name: ""肉毒毒素局部注射""})"
"(:康复管理 {name: ""肌痉挛""})",[:相关治疗],"(:临床措施 {name: ""肌腱延长术""})"
"(:康复管理 {name: ""肌痉挛""})",[:相关治疗],"(:临床措施 {name: ""肌腱转移术""})"
"(:康复管理 {name: ""肌痉挛""})",[:相关治疗],"(:临床措施 {name: ""肌腱切断术""})"
"(:康复管理 {name: ""皮肤管理""})",[:相关治疗],"(:临床措施 {name: ""保持皮肤通风""})"
"(:康复管理 {name: ""皮肤管理""})",[:相关治疗],"(:临床措施 {name: ""使用保护隔离产品防止皮肤受损""})"
"(:康复管理 {name: ""皮肤管理""})",[:相关治疗],"(:临床措施 {name: ""规范化皮肤清洁""})"
"(:康复管理 {name: ""皮肤管理""})",[:相关治疗],"(:临床措施 {name: ""适时更换污染的尿布，使用防回渗的尿布""})"
"(:康复管理 {name: ""皮肤管理""})",[:相关治疗],"(:临床措施 {name: ""患者及照顾者教育""})"
"(:康复管理 {name: ""压疮""})",[:相关治疗],"(:临床措施 {name: ""根据评定结果换药""})"
"(:康复管理 {name: ""运动管理""})",[:康复治疗],"(:临床措施 {name: ""良肢位摆放""})"
"(:康复管理 {name: ""运动管理""})",[:康复治疗],"(:临床措施 {name: ""床上被动体位转换""})"
"(:康复管理 {name: ""运动管理""})",[:康复治疗],"(:临床措施 {name: ""关节肌肉被动牵伸""})"
"(:康复管理 {name: ""运动管理""})",[:康复治疗],"(:临床措施 {name: ""被动四肢及躯干关节活动度维持""})"
"(:康复管理 {name: ""运动管理""})",[:康复治疗],"(:临床措施 {name: ""床上被动坐位""})"
"(:康复管理 {name: ""运动管理""})",[:康复治疗],"(:临床措施 {name: ""不同角度体位适应性训练""})"
"(:康复管理 {name: ""运动管理""})",[:康复治疗],"(:临床措施 {name: ""电动斜床站立""})"
"(:康复管理 {name: ""运动管理""})",[:康复治疗],"(:临床措施 {name: ""神经肌肉电刺激""})"
"(:康复管理 {name: ""运动管理""})",[:康复治疗],"(:临床措施 {name: ""肌肉骨关节康复管理""})"
"(:康复管理 {name: ""运动管理""})",[:康复治疗],"(:临床措施 {name: ""床上转移""})"
"(:康复管理 {name: ""运动管理""})",[:康复治疗],"(:临床措施 {name: ""床上被动或主动坐位适应性训练""})"
"(:康复管理 {name: ""运动管理""})",[:康复治疗],"(:临床措施 {name: ""床边坐位""})"
"(:康复管理 {name: ""运动管理""})",[:康复治疗],"(:临床措施 {name: ""床椅转移""})"
"(:康复管理 {name: ""运动管理""})",[:康复治疗],"(:临床措施 {name: ""ADL相关练习""})"
"(:康复管理 {name: ""运动管理""})",[:康复治疗],"(:临床措施 {name: ""运动控制及平衡能力训练""})"
"(:康复管理 {name: ""运动管理""})",[:康复治疗],"(:临床措施 {name: ""生活活动能力前期训练""})"
"(:康复管理 {name: ""循环管理""})",[:康复治疗],"(:临床措施 {name: ""2h翻身1次""})"
"(:康复管理 {name: ""循环管理""})",[:康复治疗],"(:临床措施 {name: ""良姿位置放""})"
"(:康复管理 {name: ""循环管理""})",[:康复治疗],"(:临床措施 {name: ""被动关节活动2—3次/天""})"
"(:康复管理 {name: ""循环管理""})",[:康复治疗],"(:临床措施 {name: ""神经肌肉电刺激""})"
"(:康复管理 {name: ""循环管理""})",[:康复治疗],"(:临床措施 {name: ""支具运用""})"
"(:康复管理 {name: ""循环管理""})",[:康复治疗],"(:临床措施 {name: ""Fowler体位（即抬高床头 30—50cm)""})"
"(:康复管理 {name: ""循环管理""})",[:康复治疗],"(:临床措施 {name: ""床边被动单车训练""})"
"(:康复管理 {name: ""循环管理""})",[:康复治疗],"(:临床措施 {name: ""气压治疗（排除深部静脉栓塞）""})"
"(:康复管理 {name: ""循环管理""})",[:康复治疗],"(:临床措施 {name: ""床上直立坐位20min/次，3次/天""})"
"(:康复管理 {name: ""循环管理""})",[:康复治疗],"(:临床措施 {name: ""被动床椅转移""})"
"(:康复管理 {name: ""循环管理""})",[:康复治疗],"(:临床措施 {name: ""被动/主动关节活动及肢体训练3次/天""})"
"(:康复管理 {name: ""循环管理""})",[:康复治疗],"(:临床措施 {name: ""被动/主动床边下肢单车训练""})"
"(:康复管理 {name: ""循环管理""})",[:康复治疗],"(:临床措施 {name: ""主动进行床椅转移""})"
"(:康复管理 {name: ""循环管理""})",[:康复治疗],"(:临床措施 {name: ""床边坐20min，3次/天""})"
"(:康复管理 {name: ""循环管理""})",[:康复治疗],"(:临床措施 {name: ""上下肢主动及抗阻训练""})"
"(:康复管理 {name: ""循环管理""})",[:康复治疗],"(:临床措施 {name: ""主动床边或坐位上下肢单车训练""})"
"(:康复管理 {name: ""循环管理""})",[:康复治疗],"(:临床措施 {name: ""1人辅助下站立""})"
"(:康复管理 {name: ""循环管理""})",[:康复治疗],"(:临床措施 {name: ""自主站立""})"
"(:康复管理 {name: ""循环管理""})",[:康复治疗],"(:临床措施 {name: ""步行（辅助）""})"
"(:康复管理 {name: ""循环管理""})",[:康复治疗],"(:临床措施 {name: ""日常生活活动训练""})"
"(:康复管理 {name: ""循环管理""})",[:康复治疗],"(:临床措施 {name: ""日常生活活动训练""})"
"(:康复管理 {name: ""循环管理""})",[:康复治疗],"(:临床措施 {name: ""日常生活活动训练""})"
"(:康复管理 {name: ""循环管理""})",[:康复治疗],"(:临床措施 {name: ""深部静脉血栓""})"
"(:康复管理 {name: ""呼吸管理""})",[:康复治疗],"(:临床措施 {name: ""体位训练""})"
"(:康复管理 {name: ""呼吸管理""})",[:康复治疗],"(:临床措施 {name: ""气道廓清技术""})"
"(:康复管理 {name: ""呼吸管理""})",[:康复治疗],"(:临床措施 {name: ""呼吸训练""})"
"(:康复管理 {name: ""呼吸管理""})",[:康复治疗],"(:临床措施 {name: ""咳嗽训练""})"
"(:康复管理 {name: ""呼吸管理""})",[:康复治疗],"(:临床措施 {name: ""运动训练""})"
"(:康复管理 {name: ""呼吸管理""})",[:康复治疗],"(:临床措施 {name: ""物理治疗""})"
"(:康复管理 {name: ""呼吸管理""})",[:康复治疗],"(:临床措施 {name: ""中医传统疗法""})"
"(:康复管理 {name: ""吞咽管理""})",[:康复治疗],"(:临床措施 {name: ""吞咽肌低频电刺激""})"
"(:康复管理 {name: ""吞咽管理""})",[:康复治疗],"(:临床措施 {name: ""口腔感觉运动训练""})"
"(:康复管理 {name: ""吞咽管理""})",[:康复治疗],"(:临床措施 {name: ""使用通气说话瓣膜""})"
"(:康复管理 {name: ""肌痉挛""})",[:康复治疗],"(:临床措施 {name: ""连续矫正石膏""})"
"(:康复管理 {name: ""肌痉挛""})",[:康复治疗],"(:临床措施 {name: ""静态可调节夹板""})"
"(:康复管理 {name: ""肌痉挛""})",[:康复治疗],"(:临床措施 {name: ""休息位手/腕部夹板""})"
"(:康复管理 {name: ""肌痉挛""})",[:康复治疗],"(:临床措施 {name: ""牵伸训练""})"
"(:康复管理 {name: ""肌痉挛""})",[:康复治疗],"(:临床措施 {name: ""关节活动度训练""})"
"(:康复管理 {name: ""肌痉挛""})",[:康复治疗],"(:临床措施 {name: ""抗痉挛体位""})"
"(:康复管理 {name: ""肌痉挛""})",[:康复治疗],"(:临床措施 {name: ""瘫痪肢体良姿位摆放""})"
"(:康复管理 {name: ""肌痉挛""})",[:康复治疗],"(:临床措施 {name: ""物理因子治疗""})"
"(:康复管理 {name: ""肌痉挛""})",[:康复治疗],"(:临床措施 {name: ""物理因子治疗""})"
"(:康复管理 {name: ""肌痉挛""})",[:康复治疗],"(:临床措施 {name: ""辅具治疗""})"
"(:康复管理 {name: ""关节僵直""})",[:康复治疗],"(:临床措施 {name: ""加强肢体被动活动""})"
"(:康复管理 {name: ""关节僵直""})",[:康复治疗],"(:临床措施 {name: ""僵直关节位置变换""})"
"(:康复管理 {name: ""关节僵直""})",[:康复治疗],"(:临床措施 {name: ""物理因子治疗""})"
"(:康复管理 {name: ""关节僵直""})",[:康复治疗],"(:临床措施 {name: ""物理因子治疗""})"
"(:脑卒中康复 {name: ""脑卒中康复""})",[:包含],"(:临床常见问题 {name: ""意识障碍（disorder of consciousness, DOC）""})"
"(:脑卒中康复 {name: ""脑卒中康复""})",[:包含],"(:临床常见问题 {name: ""谵妄""})"
"(:脑卒中康复 {name: ""脑卒中康复""})",[:包含],"(:临床常见问题 {name: ""恐惧""})"
"(:脑卒中康复 {name: ""脑卒中康复""})",[:包含],"(:临床常见问题 {name: ""抑郁""})"
"(:脑卒中康复 {name: ""脑卒中康复""})",[:包含],"(:临床常见问题 {name: ""脑卒中后中枢性疼痛（central poststroke pain，CPSP）""})"
"(:脑卒中康复 {name: ""脑卒中康复""})",[:包含],"(:临床常见问题 {name: ""疼痛""})"
"(:脑卒中康复 {name: ""脑卒中康复""})",[:包含],"(:临床常见问题 {name: ""镇静""})"
"(:脑卒中康复 {name: ""脑卒中康复""})",[:包含],"(:临床常见问题 {name: ""重型颅脑损伤""})"
"(:脑卒中康复 {name: ""脑卒中康复""})",[:包含],"(:临床常见问题 {name: ""轻中型颅脑损伤""})"
"(:脑卒中康复 {name: ""脑卒中康复""})",[:包含],"(:临床常见问题 {name: ""尿崩症""})"
"(:脑卒中康复 {name: ""脑卒中康复""})",[:包含],"(:康复管理 {name: ""循环管理""})"
"(:脑卒中康复 {name: ""脑卒中康复""})",[:包含],"(:临床常见问题 {name: ""脑积水""})"
"(:脑卒中康复 {name: ""脑卒中康复""})",[:包含],"(:临床常见问题 {name: ""脑积水""})"
"(:脑卒中康复 {name: ""脑卒中康复""})",[:包含],"(:临床常见问题 {name: ""低颅压综合征""})"
"(:脑卒中康复 {name: ""脑卒中康复""})",[:包含],"(:临床常见问题 {name: ""颅内高压""})"
"(:脑卒中康复 {name: ""脑卒中康复""})",[:包含],"(:临床常见问题 {name: ""颅内高压""})"
"(:脑卒中康复 {name: ""脑卒中康复""})",[:包含],"(:临床常见问题 {name: ""自主神经功能障碍（交感过度兴奋）""})"
"(:脑卒中康复 {name: ""脑卒中康复""})",[:包含],"(:临床常见问题 {name: ""癫痫""})"
"(:脑卒中康复 {name: ""脑卒中康复""})",[:包含],"(:康复管理 {name: ""压疮""})"
"(:脑卒中康复 {name: ""脑卒中康复""})",[:包含],"(:临床常见问题 {name: ""室上性心动过速""})"
"(:脑卒中康复 {name: ""脑卒中康复""})",[:包含],"(:临床常见问题 {name: ""心房颤动""})"
"(:脑卒中康复 {name: ""脑卒中康复""})",[:包含],"(:临床常见问题 {name: ""心房颤动""})"
"(:脑卒中康复 {name: ""脑卒中康复""})",[:包含],"(:临床常见问题 {name: ""室性心动过速""})"
"(:脑卒中康复 {name: ""脑卒中康复""})",[:包含],"(:临床常见问题 {name: ""心房颤动""})"
"(:脑卒中康复 {name: ""脑卒中康复""})",[:包含],"(:临床常见问题 {name: ""室性心动过速""})"
"(:脑卒中康复 {name: ""脑卒中康复""})",[:包含],"(:临床常见问题 {name: ""慢性心力衰竭""})"
"(:脑卒中康复 {name: ""脑卒中康复""})",[:包含],"(:康复管理 {name: ""骨化性肌炎""})"
"(:脑卒中康复 {name: ""脑卒中康复""})",[:包含],"(:临床常见问题 {name: ""重症肺炎""})"
"(:脑卒中康复 {name: ""脑卒中康复""})",[:包含],"(:临床常见问题 {name: ""深部静脉血栓""})"
"(:脑卒中康复 {name: ""脑卒中康复""})",[:包含],"(:临床常见问题 {name: ""获得性神经肌病""})"
"(:脑卒中康复 {name: ""脑卒中康复""})",[:包含],"(:临床常见问题 {name: ""急性胃肠损伤Ⅰ级""})"
"(:脑卒中康复 {name: ""脑卒中康复""})",[:包含],"(:临床常见问题 {name: ""急性胃肠损伤Ⅱ级""})"
"(:脑卒中康复 {name: ""脑卒中康复""})",[:包含],"(:临床常见问题 {name: ""急性胃肠损伤Ⅲ级""})"
"(:脑卒中康复 {name: ""脑卒中康复""})",[:包含],"(:临床常见问题 {name: ""急性胃肠损伤Ⅳ级""})"
"(:脑卒中康复 {name: ""脑卒中康复""})",[:包含],"(:临床常见问题 {name: ""严重腹胀""})"
"(:脑卒中康复 {name: ""脑卒中康复""})",[:包含],"(:临床常见问题 {name: ""营养不良""})"
"(:脑卒中康复 {name: ""脑卒中康复""})",[:包含],"(:临床常见问题 {name: ""营养不良""})"
"(:脑卒中康复 {name: ""脑卒中康复""})",[:包含],"(:临床常见问题 {name: ""骨质疏松""})"
"(:脑卒中康复 {name: ""脑卒中康复""})",[:包含],"(:康复管理 {name: ""呼吸管理""})"
"(:脑卒中康复 {name: ""脑卒中康复""})",[:包含],"(:临床常见问题 {name: ""肩关节半脱位""})"
"(:脑卒中康复 {name: ""脑卒中康复""})",[:包含],"(:临床常见问题 {name: ""肩痛""})"
"(:脑卒中康复 {name: ""脑卒中康复""})",[:包含],"(:康复管理 {name: ""肌痉挛""})"
"(:脑卒中康复 {name: ""脑卒中康复""})",[:包含],"(:临床常见问题 {name: ""肩痛""})"
"(:脑卒中康复 {name: ""脑卒中康复""})",[:包含],"(:康复管理 {name: ""关节僵直""})"
"(:脑卒中康复 {name: ""脑卒中康复""})",[:包含],"(:临床常见问题 {name: ""复合性区域疼痛综合征（complex regional pain syndrome，CRPS）""})"
"(:脑卒中康复 {name: ""脑卒中康复""})",[:包含],"(:康复管理 {name: ""膀胱管理""})"
"(:脑卒中康复 {name: ""脑卒中康复""})",[:包含],"(:临床常见问题 {name: ""尿失禁""})"
"(:脑卒中康复 {name: ""脑卒中康复""})",[:包含],"(:康复管理 {name: ""吞咽管理""})"
"(:脑卒中康复 {name: ""脑卒中康复""})",[:包含],"(:临床常见问题 {name: ""尿潴留""})"
"(:脑卒中康复 {name: ""脑卒中康复""})",[:包含],"(:康复管理 {name: ""皮肤管理""})"
"(:脑卒中康复 {name: ""脑卒中康复""})",[:包含],"(:康复管理 {name: ""运动管理""})"
